{
  "k": 3,
  "seeds": [
    0,
    1,
    2
  ],
  "metrics": {
    "cer": {
      "base_mean": 9.38064816306079,
      "base_ci": 0.36803698902198473,
      "gate_mean": 9.521125248295485,
      "gate_ci": 0.8950928754341976,
      "gate_seeds": [
        9.373490095023353,
        9.931819401943416,
        9.258066247919688
      ],
      "delta": 0.1404770852346946,
      "overlap": true,
      "improved": false
    },
    "wer": {
      "base_mean": 19.29097605893186,
      "base_ci": 0.7972973185851752,
      "gate_mean": 19.353459615890554,
      "gate_ci": 0.9998370402678859,
      "gate_seeds": [
        19.297553275453826,
        19.78097868981847,
        18.98184688239937
      ],
      "delta": 0.06248355695869279,
      "overlap": true,
      "improved": false
    },
    "exact": {
      "base_mean": 81.86995099986757,
      "base_ci": 0.7566122644099998,
      "gate_mean": 81.85008608131373,
      "gate_ci": 0.8382973233320821,
      "gate_seeds": [
        81.94278903456495,
        81.47596344854986,
        82.13150576082639
      ],
      "delta": -0.019864918553835764,
      "overlap": true,
      "improved": false
    },
    "axis1_base": {
      "base_mean": 94.11369717254988,
      "base_ci": 0.39144914758996036,
      "gate_mean": 94.04138387000134,
      "gate_ci": 0.6562581912169239,
      "gate_seeds": [
        94.1364242104937,
        93.74283323519386,
        94.24489416431648
      ],
      "delta": -0.07231330254853674,
      "overlap": true,
      "improved": false
    },
    "axis2_modifier": {
      "base_mean": 96.25202229013122,
      "base_ci": 0.27436271129283063,
      "gate_mean": 96.25202229013122,
      "gate_ci": 0.6003517224203077,
      "gate_seeds": [
        96.37785367607407,
        95.97339564982923,
        96.40481754449038
      ],
      "delta": 0.0,
      "overlap": true,
      "improved": false
    },
    "axis3_tone": {
      "base_mean": 94.41035598705501,
      "base_ci": 0.2811496317604541,
      "gate_mean": 94.37411003236245,
      "gate_ci": 0.5532894351416614,
      "gate_seeds": [
        94.34563106796116,
        94.16699029126214,
        94.60970873786407
      ],
      "delta": -0.036245954692560645,
      "overlap": true,
      "improved": false
    }
  },
  "condition_met": {
    "cer": false,
    "tone": false,
    "both": false
  }
}