{
  "k": 3,
  "seeds": [
    0,
    1,
    2
  ],
  "metrics": {
    "cer": {
      "base_mean": 9.38064816306079,
      "base_ci": 0.36803698902198473,
      "gate_mean": 9.419122778762013,
      "gate_ci": 0.23735099963145828,
      "gate_seeds": [
        9.319804584742577,
        9.427175605304129,
        9.51038814623933
      ],
      "delta": 0.03847461570122235,
      "overlap": true,
      "improved": false
    },
    "wer": {
      "base_mean": 19.29097605893186,
      "base_ci": 0.7972973185851752,
      "gate_mean": 19.166008945014468,
      "gate_ci": 0.07878241428319398,
      "gate_seeds": [
        19.129834254143645,
        19.189029202841358,
        19.179163378058405
      ],
      "delta": -0.12496711391739268,
      "overlap": true,
      "improved": true
    },
    "exact": {
      "base_mean": 81.86995099986757,
      "base_ci": 0.7566122644099998,
      "gate_mean": 82.12488412130844,
      "gate_ci": 0.28383574461420025,
      "gate_seeds": [
        82.24076281287248,
        82.12157330154946,
        82.01231624950339
      ],
      "delta": 0.254933121440871,
      "overlap": true,
      "improved": true
    },
    "axis1_base": {
      "base_mean": 94.11369717254988,
      "base_ci": 0.39144914758996036,
      "gate_mean": 94.17464695612648,
      "gate_ci": 0.2780426220609448,
      "gate_seeds": [
        94.30377785353457,
        94.11473021972914,
        94.10543279511575
      ],
      "delta": 0.06094978357660352,
      "overlap": true,
      "improved": true
    },
    "axis2_modifier": {
      "base_mean": 96.25202229013122,
      "base_ci": 0.27436271129283063,
      "gate_mean": 96.38684163221284,
      "gate_ci": 0.27976052772275267,
      "gate_seeds": [
        96.27898615854754,
        96.5036850620169,
        96.37785367607407
      ],
      "delta": 0.13481934208161306,
      "overlap": true,
      "improved": true
    },
    "axis3_tone": {
      "base_mean": 94.41035598705501,
      "base_ci": 0.2811496317604541,
      "gate_mean": 94.56828478964401,
      "gate_ci": 0.46319653239226355,
      "gate_seeds": [
        94.49320388349514,
        94.78058252427184,
        94.43106796116506
      ],
      "delta": 0.157928802588998,
      "overlap": true,
      "improved": true
    }
  },
  "condition_met": {
    "cer": false,
    "tone": false,
    "both": false
  }
}