{
  "A": {
    "sub": {
      "mean": 6.805533186592939,
      "ci95": 0.32566965664820435,
      "seeds": [
        6.764374295377678,
        6.699951683040747,
        6.952273581360391
      ]
    },
    "del": {
      "mean": 1.4611406381417655,
      "ci95": 0.23896903776561296,
      "seeds": [
        1.548826971600365,
        1.358243410103613,
        1.4763515327213186
      ]
    },
    "ins": {
      "mean": 1.1139743383260858,
      "ci95": 0.11626247112004388,
      "seeds": [
        1.0817630321576206,
        1.167659848606861,
        1.0925001342137757
      ]
    },
    "cer": {
      "mean": 9.38064816306079,
      "ci95": 0.36803698902198473,
      "seeds": [
        9.394964299135664,
        9.225854941751221,
        9.521125248295485
      ]
    }
  },
  "B": {
    "sub": {
      "mean": 6.926325584724683,
      "ci95": 0.17671540002388522,
      "seeds": [
        6.903956622107693,
        6.869061040425189,
        7.0059590916411665
      ]
    },
    "del": {
      "mean": 1.3618224441223314,
      "ci95": 0.020371412646907474,
      "seeds": [
        1.368980512159768,
        1.3528748590755355,
        1.3636119611316906
      ]
    },
    "ins": {
      "mean": 1.3484010665521375,
      "ci95": 0.11204276955799125,
      "seeds": [
        1.358243410103613,
        1.3877704407580393,
        1.2991893487947603
      ]
    },
    "cer": {
      "mean": 9.636549095399152,
      "ci95": 0.07425293082281505,
      "seeds": [
        9.631180544371075,
        9.609706340258764,
        9.668760401567617
      ]
    }
  },
  "C": {
    "sub": {
      "mean": 6.847586836312879,
      "ci95": 0.06360971560224274,
      "seeds": [
        6.863692489397112,
        6.818059805658453,
        6.861008213883073
      ]
    },
    "del": {
      "mean": 1.3654014781410497,
      "ci95": 0.11439906689844942,
      "seeds": [
        1.358243410103613,
        1.414613195898427,
        1.323347828421109
      ]
    },
    "ins": {
      "mean": 1.4065603693563107,
      "ci95": 0.1301563153676812,
      "seeds": [
        1.403876093842272,
        1.4602458796370859,
        1.3555591345895743
      ]
    },
    "cer": {
      "mean": 9.61954868381024,
      "ci95": 0.19051822334675356,
      "seeds": [
        9.625811993342996,
        9.692918881193966,
        9.539915176893757
      ]
    }
  }
}