{
  "cer": {
    "A": [
      9.38064816306079,
      0.36803698902198473
    ],
    "B": [
      9.636549095399152,
      0.07425293082281505
    ],
    "C": [
      9.619548683810239,
      0.19051822334675145
    ],
    "B_minus_A": 0.25590093233836164,
    "C_minus_B": -0.017000411588913522,
    "lower_is_better": true
  },
  "wer": {
    "A": [
      19.29097605893186,
      0.7972973185851752
    ],
    "B": [
      19.626414101552225,
      0.3923842877482174
    ],
    "C": [
      19.461983688503025,
      0.5509320519323374
    ],
    "B_minus_A": 0.33543804262036403,
    "C_minus_B": -0.1644304130491996,
    "lower_is_better": true
  },
  "exact": {
    "A": [
      81.86995099986757,
      0.7566122644099998
    ],
    "B": [
      81.75076148854457,
      0.33316969929832385
    ],
    "C": [
      81.77724804661634,
      0.3065224789620172
    ],
    "B_minus_A": -0.11918951132300037,
    "C_minus_B": 0.026486558071766808,
    "lower_is_better": false
  },
  "axis1_base": {
    "A": [
      94.11369717254988,
      0.39144914758996036
    ],
    "B": [
      94.18910961663619,
      0.21951406473580998
    ],
    "C": [
      94.19530789971178,
      0.17403136594759638
    ],
    "B_minus_A": 0.07541244408631087,
    "C_minus_B": 0.0061982830755908935,
    "lower_is_better": false
  },
  "axis2_modifier": {
    "A": [
      96.25202229013122,
      0.27436271129283063
    ],
    "B": [
      96.3658697345557,
      0.25877868880948174
    ],
    "C": [
      96.35388579303734,
      0.1818454852688835
    ],
    "B_minus_A": 0.11384744442447925,
    "C_minus_B": -0.011983941518366237,
    "lower_is_better": false
  },
  "axis3_tone": {
    "A": [
      94.41035598705501,
      0.2811496317604541
    ],
    "B": [
      94.54239482200647,
      0.14222030479732084
    ],
    "C": [
      94.49320388349514,
      0.11736248383459753
    ],
    "B_minus_A": 0.13203883495145874,
    "C_minus_B": -0.04919093851133027,
    "lower_is_better": false
  }
}